Workbook

Sheet Prospection
A1: N° | B1: Restaurant | C1: Type de cuisine | D1: Adresse | E1: Ville | F1: Téléphone | G1: Statut | H1: Date 1er contact | I1: Interlocuteur | J1: Prochaine action | K1: Date de relance | L1: Commentaires | M1: Carte
A2: 1 | B2: 450° par Pizzeria d'Alexis | C2: Pizza, Italienne | E2: Toulouse | G2: À contacter | M2: Voir la carte
A3: 2 | B3: @Pizza Plana | C3: Pizza | D3: 108 Rue Louis Plana | E3: Toulouse | G3: À contacter | M3: Voir la carte
A4: 3 | B4: A Mesa de Carole | C4: Portugaise | D4: 44 Avenue Antoine de Saint-Exupéry | E4: Toulouse | F4: 07 55 45 03 34 | G4: À contacter | M4: Voir la carte
A5: 4 | B5: A Taula | C5: Tapas | D5: 11 Rue Malcousinat | E5: Toulouse | F5: 07 69 47 85 86 | G5: À contacter | M5: Voir la carte
A6: 5 | B6: A.mar | C6: Fruits de mer | E6: Toulouse | G6: À contacter | M6: Voir la carte
A7: 6 | B7: Abuelo | C7: Méditerranéenne | E7: Toulouse | F7: 05 61 41 68 18 | G7: À contacter | M7: Voir la carte
A8: 7 | B8: Abyssinia | C8: Éthiopienne | E8: Toulouse | F8: 07 68 84 85 21 | G8: À contacter | M8: Voir la carte
A9: 8 | B9: Acte 2 | C9: Française, Gastronomique | E9: Toulouse | G9: À contacter | M9: Voir la carte
A10: 9 | B10: Adana grill | C10: Turque | D10: 16 Avenue de Larrieu-Thibaud | E10: Toulouse | F10: 05 31 47 30 59 | G10: À contacter | M10: Voir la carte
A11: 10 | B11: African Queen | C11: Africaine | E11: Toulouse | G11: À contacter | M11: Voir la carte
A12: 11 | B12: Agapes | C12: Gastronomique | E12: Toulouse | F12: 05 61 99 30 31 | G12: À contacter | M12: Voir la carte
A13: 12 | B13: Agora | E13: Toulouse | F13: 07 56 83 59 00 | G13: À contacter | M13: Voir la carte
A14: 13 | B14: Aiko | C14: Japonaise | E14: Toulouse | F14: 09 83 50 22 75 | G14: À contacter | M14: Voir la carte
A15: 14 | B15: Aishi Ramen | C15: Japonaise, Ramen | D15: 16 Rue Léon Gambetta | E15: Toulouse | G15: À contacter | M15: Voir la carte
A16: 15 | B16: Alice Pizza | C16: Pizza | E16: Toulouse | F16: 05 34 57 84 65 | G16: À contacter | M16: Voir la carte
A17: 16 | B17: Amore Mia | C17: Italienne, Française | E17: Toulouse | F17: 09 60 06 35 12 | G17: À contacter | M17: Voir la carte
A18: 17 | B18: An Nam | C18: Vietnamienne | E18: Toulouse | G18: À contacter | M18: Voir la carte
A19: 18 | B19: Andiamo | C19: Italienne | D19: 2 Avenue Paul Séjourné | E19: Toulouse | F19: 06 61 04 83 99 | G19: À contacter | M19: Voir la carte
A20: 19 | B20: Andochine | C20: Vietnamienne | D20: 28 Rue des Polinaires | E20: Toulouse | F20: 05 36 89 89 34 | G20: À contacter | M20: Voir la carte
A21: 20 | B21: Antho et Rita | D21: 63 Allées Charles de Fitte | E21: Toulouse | F21: 06 74 32 68 00 | G21: À contacter | M21: Voir la carte
A22: 21 | B22: Antica Salumeria | C22: Italienne | E22: Toulouse | G22: À contacter | M22: Voir la carte
A23: 22 | B23: Aozai | C23: Thaïlandaise | E23: Toulouse | G23: À contacter | M23: Voir la carte
A24: 23 | B24: Armenian Bakery | C24: Arménienne | D24: 74 Allées Jean Jaurès | E24: Toulouse | G24: À contacter | M24: Voir la carte
A25: 24 | B25: Artigiano | E25: Toulouse | G25: À contacter | M25: Voir la carte
A26: 25 | B26: Asia Village | C26: Asiatique | E26: Toulouse | F26: 05 61 57 94 45 | G26: À contacter | M26: Voir la carte
A27: 26 | B27: Assoiffés | C27: Française | E27: Toulouse | G27: À contacter | M27: Voir la carte
A28: 27 | B28: Au Bon Graillou | E28: Toulouse | F28: 05 61 21 80 19 | G28: À contacter | M28: Voir la carte
A29: 28 | B29: Au Buron | C29: Régionale / terroir | E29: Toulouse | F29: 05 61 22 14 65 | G29: À contacter | M29: Voir la carte
A30: 29 | B30: Au Comptoir | C30: Asiatique | E30: Toulouse | G30: À contacter | M30: Voir la carte
A31: 30 | B31: Au cœur de Tunis | C31: Pizza | E31: Toulouse | G31: À contacter | M31: Voir la carte
A32: 31 | B32: Au cœur de Tunis | D32: 32 Allées Charles de Fitte | E32: Toulouse | G32: À contacter | M32: Voir la carte
A33: 32 | B33: Au Gascon | C33: Française, Régionale / terroir | E33: Toulouse | F33: 05 61 21 67 16 | G33: À contacter | M33: Voir la carte
A34: 33 | B34: Au Gourmet Vietnam | C34: Vietnamienne, Asiatique | E34: Toulouse | F34: 05 32 98 64 76 | G34: À contacter | M34: Voir la carte
A35: 34 | B35: Au Jardin des Thés | E35: Toulouse | G35: À contacter | M35: Voir la carte
A36: 35 | B36: Au Pois Gourmand | D36: 3 Rue Émile Heybrard | E36: Toulouse | F36: 05 34 36 42 00 | G36: À contacter | M36: Voir la carte
A37: 36 | B37: Au Vieux Pékin | C37: Chinoise | E37: Toulouse | F37: 09 83 52 51 50 | G37: À contacter | M37: Voir la carte
A38: 37 | B38: Autour de Pizz' | C38: Pizza | D38: 1 Rue de Carcassonne | E38: Toulouse | F38: 05 61 80 28 62 | G38: À contacter | M38: Voir la carte
A39: 38 | B39: Aux 3 Elephants | C39: Chinoise | E39: Toulouse | G39: À contacter | M39: Voir la carte
A40: 39 | B40: Aux Délices D'Ailleurs | C40: Asiatique | D40: 2 Rue Paul Rocache | E40: Toulouse | F40: 05 61 44 16 56 | G40: À contacter | M40: Voir la carte
A41: 40 | B41: Aux Pieds Sous La Table | C41: Française | E41: Toulouse | F41: 05 67 11 01 72 | G41: À contacter | M41: Voir la carte
A42: 41 | B42: Avem Grill | C42: Poulet | E42: Toulouse | G42: À contacter | M42: Voir la carte
A43: 42 | B43: açai | C43: Poké, Salades, Sandwicherie, Smoothies | D43: 20 Rue d'Aubuisson | E43: Toulouse | G43: À contacter | M43: Voir la carte
A44: 43 | B44: B06 | D44: 16 Rue Paulin Talabot | E44: Toulouse | G44: À contacter | M44: Voir la carte
A45: 44 | B45: Baan Siam | C45: Thaïlandaise | E45: Toulouse | G45: À contacter | M45: Voir la carte
A46: 45 | B46: Baba canteen | C46: Libanaise | E46: Toulouse | G46: À contacter | M46: Voir la carte
A47: 46 | B47: Banh mi | C47: Asiatique, Vietnamienne | E47: Toulouse | F47: 09 86 42 26 69 | G47: À contacter | M47: Voir la carte
A48: 47 | B48: Bao House | C48: Asiatique | E48: Toulouse | G48: À contacter | M48: Voir la carte
A49: 48 | B49: Bar à la Une | D49: 1 Chemin Cassaing | E49: Toulouse | F49: 05 34 25 78 94 | G49: À contacter | M49: Voir la carte
A50: 49 | B50: Barbaque | E50: Toulouse | G50: À contacter | M50: Voir la carte
A51: 50 | B51: Barbaque | E51: Toulouse | G51: À contacter | M51: Voir la carte
A52: 51 | B52: Barricot | C52: Produits locaux | E52: Toulouse | F52: 05 61 11 09 38 | G52: À contacter | M52: Voir la carte
A53: 52 | B53: Basso Com'pôtes | D53: 17 Paulin Talabot | E53: Toulouse | F53: 06 35 22 19 64 | G53: À contacter | M53: Voir la carte
A54: 53 | B54: Becco | C54: Pizza, Italienne | E54: Toulouse | G54: À contacter | M54: Voir la carte
A55: 54 | B55: Beldi Fusion | C55: Marocaine | D55: 43 Avenue de Muret | E55: Toulouse | F55: 06 75 30 96 49 | G55: À contacter | M55: Voir la carte
A56: 55 | B56: Bellini | C56: Italienne, Pizza | E56: Toulouse | F56: 05 61 21 34 08 | G56: À contacter | M56: Voir la carte
A57: 56 | B57: Bellocq | E57: Toulouse | F57: 05 61 21 24 87 | G57: À contacter | M57: Voir la carte
A58: 57 | B58: Bep Chay | C58: Asiatique, Vietnamienne | E58: Toulouse | F58: 05 61 32 02 72 | G58: À contacter | M58: Voir la carte
A59: 58 | B59: Best wok & poke | C59: Asiatique | E59: Toulouse | G59: À contacter | M59: Voir la carte
A60: 59 | B60: Biergarten Purpan | E60: Toulouse | G60: À contacter | M60: Voir la carte
A61: 60 | B61: Bimi Sushi & poke ball | C61: Sushi | E61: Toulouse | F61: 05 32 98 64 07 | G61: À contacter | M61: Voir la carte
A62: 61 | B62: Binaire | C62: Française | D62: 41 Avenue Jules Julien | E62: Toulouse | F62: 05 61 25 25 89 | G62: À contacter | M62: Voir la carte
A63: 62 | B63: Bistro des Carmes | C63: Française | E63: Toulouse | F63: 05 62 17 70 14 | G63: À contacter | M63: Voir la carte
A64: 63 | B64: Bistro Garonne | E64: Toulouse | G64: À contacter | M64: Voir la carte
A65: 64 | B65: Bistro Régent | C65: Grill / viandes, Française | E65: Toulouse | G65: À contacter | M65: Voir la carte
A66: 65 | B66: Bistro Régent | C66: Grill / viandes, Française | D66: 2 Place Marcel Bouilloux-Lafont | E66: Toulouse | F66: 05 62 75 60 12 | G66: À contacter | M66: Voir la carte
A67: 66 | B67: Bistro Régent | C67: Grill / viandes, Française | E67: Toulouse | G67: À contacter | M67: Voir la carte
A68: 67 | B68: Bistrot August | E68: Toulouse | G68: À contacter | M68: Voir la carte
A69: 68 | B69: Bistrot de l'Etoile | E69: Toulouse | F69: 05 61 63 13 43 | G69: À contacter | M69: Voir la carte
A70: 69 | B70: Bistrot Galien | D70: 6 Place Dominique Martin Dupuy | E70: Toulouse | F70: 05 61 80 22 23 | G70: À contacter | M70: Voir la carte
A71: 70 | B71: Blanquette | C71: Française | E71: Toulouse | G71: À contacter | M71: Voir la carte
A72: 71 | B72: Blok Resto | C72: Pâtes, Pizza, Poisson, Tapas, Salades, Barbecue | D72: 2 Rue René Cornemont | E72: Toulouse | F72: 05 34 65 60 91 | G72: À contacter | M72: Voir la carte
A73: 72 | B73: Bocados | C73: Tapas, Espagnole | E73: Toulouse | G73: À contacter | M73: Voir la carte
A74: 73 | B74: Boli Cafe | C74: Coréenne | E74: Toulouse | F74: 09 50 30 81 41 | G74: À contacter | M74: Voir la carte
A75: 74 | B75: Bonbonne | E75: Toulouse | F75: 05 62 85 22 62 | G75: À contacter | M75: Voir la carte
A76: 75 | B76: Bongkok Bol | C76: Thaïlandaise | D76: 221 Avenue de Fronton | E76: Toulouse | F76: 09 50 55 34 32 | G76: À contacter | M76: Voir la carte
A77: 76 | B77: Borriquito Loco | C77: Régionale / terroir | D77: Rue des Paradoux | E77: Toulouse | F77: 05 61 25 34 54 | G77: À contacter | M77: Voir la carte
A78: 77 | B78: Bossa Nova | C78: Brésilienne | D78: 1 bis Rue du May | E78: Toulouse | F78: 05 67 68 64 79 | G78: À contacter | M78: Voir la carte
A79: 78 | B79: Boulangerie Patisserie | E79: Toulouse | G79: À contacter | M79: Voir la carte
A80: 79 | B80: Boulevard 36 | E80: Toulouse | G80: À contacter | M80: Voir la carte
A81: 80 | B81: Bowling de Gramont | E81: Toulouse | F81: 05 61 26 18 67 | G81: À contacter | M81: Voir la carte
A82: 81 | B82: Brasserie des Beaux-Arts | C82: Française | E82: Toulouse | F82: 05 61 21 12 12 | G82: À contacter | M82: Voir la carte
A83: 82 | B83: Brasserie du Fauboug Saint-Simon | E83: Toulouse | G83: À contacter | M83: Voir la carte
A84: 83 | B84: Brasserie Le Capoul | D84: 13 Place du Président Wilson | E84: Toulouse | F84: 05 61 21 08 27 | G84: À contacter | M84: Voir la carte
A85: 84 | B85: Brasserie Les Frangins | D85: 7 Chemin des Silos | E85: Toulouse | F85: 05 67 16 66 47 | G85: À contacter | M85: Voir la carte
A86: 85 | B86: Brasserie Toulousaine | C86: Brasserie | E86: Toulouse | G86: À contacter | M86: Voir la carte
A87: 86 | B87: Buffet Himalaya | E87: Toulouse | G87: À contacter | M87: Voir la carte
A88: 87 | B88: Burger'n'Co St Aubin | C88: Burger | E88: Toulouse | F88: 07 56 79 72 16 | G88: À contacter | M88: Voir la carte
A89: 88 | B89: Byblos | C89: Libanaise | D89: 6 Place du Président Wilson | E89: Toulouse | F89: 05 31 22 06 07 | G89: À contacter | M89: Voir la carte
A90: 89 | B90: Bàcaro | E90: Toulouse | F90: 06 84 58 30 80 | G90: À contacter | M90: Voir la carte
A91: 90 | B91: Bâtiment 49 - Restaurant | E91: Toulouse | G91: À contacter | M91: Voir la carte
A92: 91 | B92: Bâtiment T | E92: Toulouse | G92: À contacter | M92: Voir la carte
A93: 92 | B93: Bûn Viêt | C93: Vietnamienne | D93: 10 Place Occitane | E93: Toulouse | F93: 05 62 30 98 55 | G93: À contacter | M93: Voir la carte
A94: 93 | B94: Cafet’ Arum | C94: Sandwicherie, Salades | D94: 5 Allée Antonio Machado | E94: Toulouse | G94: À contacter | M94: Voir la carte
A95: 94 | B95: Café Baronie | E95: Toulouse | G95: À contacter | M95: Voir la carte
A96: 95 | B96: Café Chouchou | E96: Toulouse | F96: 09 70 38 62 21 | G96: À contacter | M96: Voir la carte
A97: 96 | B97: Café de la Bourse | C97: Française, Libanaise | E97: Toulouse | G97: À contacter | M97: Voir la carte
A98: 97 | B98: Café Francis | D98: 181 avenue des états unis | E98: Toulouse | F98: 05 61 47 02 09 | G98: À contacter | M98: Voir la carte
A99: 98 | B99: Café Italien | C99: Italienne | E99: Toulouse | F99: 05 61 25 08 63 | G99: À contacter | M99: Voir la carte
A100: 99 | B100: Café Manine | C100: Française | D100: 17 Place Roguet | E100: Toulouse | F100: 09 52 48 94 08 | G100: À contacter | M100: Voir la carte
...

Sheet Synthèse
A1: Synthèse de la prospection - Restaurants de Toulouse
A2: Les compteurs se mettent à jour automatiquement à partir de la feuille Prospection (colonnes Statut et données).
A4: Statut | B4: Nombre | C4: Part
A5: À contacter | B5: =COUNTIF(Prospection!$G$2:$G$885,A5) -> 884 | C5: =IF($B$12=0,0,B5/$B$12) -> 1
A6: Contacté | B6: =COUNTIF(Prospection!$G$2:$G$885,A6) -> 0 | C6: =IF($B$12=0,0,B6/$B$12) -> 0
A7: RDV pris | B7: =COUNTIF(Prospection!$G$2:$G$885,A7) -> 0 | C7: =IF($B$12=0,0,B7/$B$12) -> 0
A8: Devis envoyé | B8: =COUNTIF(Prospection!$G$2:$G$885,A8) -> 0 | C8: =IF($B$12=0,0,B8/$B$12) -> 0
A9: Client | B9: =COUNTIF(Prospection!$G$2:$G$885,A9) -> 0 | C9: =IF($B$12=0,0,B9/$B$12) -> 0
A10: Pas intéressé | B10: =COUNTIF(Prospection!$G$2:$G$885,A10) -> 0 | C10: =IF($B$12=0,0,B10/$B$12) -> 0
A11: À relancer | B11: =COUNTIF(Prospection!$G$2:$G$885,A11) -> 0 | C11: =IF($B$12=0,0,B11/$B$12) -> 0
A12: Total des fiches | B12: =SUM(B5:B11) -> 884 | C12: =IF($B$12=0,0,B12/$B$12) -> 1
A14: Fiches traitées (statut différent de « À contacter ») | B14: =B12-B5 -> 0
A15: Taux de transformation (clients / fiches traitées) | B15: =IF(B14=0,0,B9/B14) -> 0
A16: Fiches à relancer ou en attente (RDV, devis, relance) | B16: =B7+B8+B11 -> 0
A18: Données disponibles | B18: Nombre | C18: Part
A19: Fiches avec téléphone | B19: =COUNTA(Prospection!$F$2:$F$885) -> 538 | C19: =IF($B$12=0,0,B19/$B$12) -> 0.60859729
A20: Fiches avec adresse | B20: =COUNTA(Prospection!$D$2:$D$885) -> 245 | C20: =IF($B$12=0,0,B20/$B$12) -> 0.27714932
A21: Fiches avec type de cuisine | B21: =COUNTA(Prospection!$C$2:$C$885) -> 611 | C21: =IF($B$12=0,0,B21/$B$12) -> 0.69117647
A23: Type de cuisine (20 plus fréquents) | B23: Fiches | C23: Part
A24: Française | B24: =COUNTIF(Prospection!$C$2:$C$885,"*"&A24&"*") -> 130 | C24: =IF($B$12=0,0,B24/$B$12) -> 0.14705882
A25: Pizza | B25: =COUNTIF(Prospection!$C$2:$C$885,"*"&A25&"*") -> 83 | C25: =IF($B$12=0,0,B25/$B$12) -> 0.093891403
A26: Asiatique | B26: =COUNTIF(Prospection!$C$2:$C$885,"*"&A26&"*") -> 51 | C26: =IF($B$12=0,0,B26/$B$12) -> 0.057692308
A27: Japonaise | B27: =COUNTIF(Prospection!$C$2:$C$885,"*"&A27&"*") -> 49 | C27: =IF($B$12=0,0,B27/$B$12) -> 0.055429864
A28: Italienne | B28: =COUNTIF(Prospection!$C$2:$C$885,"*"&A28&"*") -> 45 | C28: =IF($B$12=0,0,B28/$B$12) -> 0.050904977
A29: Régionale / terroir | B29: =COUNTIF(Prospection!$C$2:$C$885,"*"&A29&"*") -> 38 | C29: =IF($B$12=0,0,B29/$B$12) -> 0.042986425
A30: Chinoise | B30: =COUNTIF(Prospection!$C$2:$C$885,"*"&A30&"*") -> 26 | C30: =IF($B$12=0,0,B30/$B$12) -> 0.029411765
A31: Indienne | B31: =COUNTIF(Prospection!$C$2:$C$885,"*"&A31&"*") -> 24 | C31: =IF($B$12=0,0,B31/$B$12) -> 0.027149321
A32: Vietnamienne | B32: =COUNTIF(Prospection!$C$2:$C$885,"*"&A32&"*") -> 23 | C32: =IF($B$12=0,0,B32/$B$12) -> 0.0260181
A33: Tapas | B33: =COUNTIF(Prospection!$C$2:$C$885,"*"&A33&"*") -> 19 | C33: =IF($B$12=0,0,B33/$B$12) -> 0.021493213
A34: Sushi | B34: =COUNTIF(Prospection!$C$2:$C$885,"*"&A34&"*") -> 19 | C34: =IF($B$12=0,0,B34/$B$12) -> 0.021493213
A35: Burger | B35: =COUNTIF(Prospection!$C$2:$C$885,"*"&A35&"*") -> 19 | C35: =IF($B$12=0,0,B35/$B$12) -> 0.021493213
... A43: Salades | B43: =COUNTIF(Prospection!$C$2:$C$885,"*"&A43&"*") -> 10 | C43: =IF($B$12=0,0,B43/$B$12) -> 0.011312217
A45: Une fiche avec plusieurs types de cuisine est comptée dans chacun d'eux.

Sheet Aide
A1: Mode d'emploi du fichier de prospection
A3: Objet | B3: Suivi de la prospection commerciale des restaurants de Toulouse : une ligne par établissement, avec les colonnes de suivi à compléter au fil des contacts.
A4: Source des données | B4: Liste extraite d'OpenStreetMap (API Overpass) le 29/09/2026 avec le script lister_restaurants.py (dépôt GitHub Caillah31, dossier restaurants-france). 886 établissements listés, 2 doublons retirés (même nom et même téléphone ou adresse), 884 fiches conservées.
A5: Fiabilité | B5: Les données OpenStreetMap sont contributives : certains établissements n'ont pas de téléphone ou d'adresse, d'autres ont pu fermer. Vérifiez la fiche (lien « Voir la carte ») avant tout démarchage.
A6: Colonnes A à F | B6: Données de l'établissement (numéro, nom, type de cuisine, adresse, ville, téléphone). Vous pouvez les corriger si besoin. Le type de cuisine est traduit depuis les catégories OpenStreetMap.
A7: Colonnes G à L (fond jaune) | B7: Colonnes de suivi à remplir : Statut (liste déroulante), Date 1er contact, Interlocuteur, Prochaine action, Date de relance, Commentaires. Les dates se saisissent au format JJ/MM/AAAA.
A8: Colonne M | B8: Lien automatique vers une recherche Google Maps sur le nom et l'adresse de l'établissement.
A9: Statuts | B9: À contacter · Contacté · RDV pris · Devis envoyé · Client · Pas intéressé · À relancer. Le statut colore la cellule automatiquement ; la feuille Synthèse compte les fiches par statut.
A10: Filtres | B10: Les en-têtes de la feuille Prospection ont des filtres : filtrez par statut, par type de cuisine ou triez par date de relance pour préparer vos appels.
A11: Mettre à jour la liste | B11: Pour régénérer la liste (ou ajouter la périphérie toulousaine) : python3 lister_restaurants.py --peripherie --format csv --sortie toulouse.csv
A13: Exemple de ligne remplie
A14: Restaurant | B14: Chez Exemple (fictif)
A15: Type de cuisine | B15: Française
A16: Adresse | B16: 1 Rue de l'Exemple
A17: Ville | B17: Toulouse
A18: Téléphone | B18: 05 61 00 00 00
A19: Statut | B19: RDV pris
A20: Date 1er contact | B20: 02/10/2026
A21: Interlocuteur | B21: Mme Martin, gérante
A22: Prochaine action | B22: Présenter l'offre en rendez-vous
A23: Date de relance | B23: 09/10/2026
A24: Commentaires | B24: Intéressée par une démonstration, préfère être appelée le matin
A26: Ligne d'exemple fictive : elle n'est pas dans la feuille Prospection.
