Workbook

Sheet Prospection
A1: N° | B1: Restaurant | C1: Type de cuisine | D1: Adresse | E1: Code postal | F1: Commune | G1: Téléphone | H1: Site web | I1: Horaires | J1: Statut | K1: Date 1er contact | L1: Interlocuteur | M1: Prochaine action | N1: Date de relance | O1: Commentaires | P1: Carte | Q1: Fiche OSM
A2: 1 | B2: 450° par Pizzeria d'Alexis | C2: Pizza, Italienne | F2: Toulouse | J2: À contacter | P2: Voir la carte | Q2: Ouvrir
A3: 2 | B3: @Pizza Plana | C3: Pizza | D3: 108 Rue Louis Plana | E3: 31500 | F3: Toulouse | I3: Tu-Sa 11:30-14:00,18:30-21:45; Su 18:30-21:30 | J3: À contacter | P3: Voir la carte | Q3: Ouvrir
A4: 3 | B4: A Mesa de Carole | C4: Portugaise | D4: 44 Avenue Antoine de Saint-Exupéry | E4: 31400 | F4: Toulouse | G4: 07 55 45 03 34 | J4: À contacter | P4: Voir la carte | Q4: Ouvrir
A5: 4 | B5: A Taula | C5: Tapas | D5: 11 Rue Malcousinat | F5: Toulouse | G5: 07 69 47 85 86 | J5: À contacter | P5: Voir la carte | Q5: Ouvrir
A6: 5 | B6: A.mar | C6: Fruits de mer | F6: Toulouse | I6: Tu-Sa 12:00-14:00, 18:00-22:00 | J6: À contacter | P6: Voir la carte | Q6: Ouvrir
A7: 6 | B7: Abuelo | C7: Méditerranéenne | F7: Toulouse | G7: 05 61 41 68 18 | H7: https://www.abuelorestaurant.fr/ | I7: Tu-Sa 12:00-01:00 | J7: À contacter | P7: Voir la carte | Q7: Ouvrir
A8: 7 | B8: Abyssinia | C8: Éthiopienne | F8: Toulouse | G8: 07 68 84 85 21 | H8: https://restaurant-ethiopien-toulouse.eatbu.com/?lang=fr | I8: Tu-Su 12:00-14:30,18:30-23:00 | J8: À contacter | P8: Voir la carte | Q8: Ouvrir
A9: 8 | B9: Acte 2 | C9: Française, Gastronomique | F9: Toulouse | H9: https://yannickdelpech-acte2.fr/ | I9: Fr-Sa 12:00-14:00,Tu-Sa 20:00-22:00 | J9: À contacter | P9: Voir la carte | Q9: Ouvrir
A10: 9 | B10: Adana grill | C10: Turque | D10: 16 Avenue de Larrieu-Thibaud | E10: 31100 | F10: Toulouse | G10: 05 31 47 30 59 | H10: https://adana-grill-toulouse.fr | I10: Mo-Fr 11:30-23:00 | J10: À contacter | P10: Voir la carte | Q10: Ouvrir
A11: 10 | B11: African Queen | C11: Africaine | F11: Toulouse | J11: À contacter | P11: Voir la carte | Q11: Ouvrir
A12: 11 | B12: Agapes | C12: Gastronomique | F12: Toulouse | G12: 05 61 99 30 31 | H12: https://www.agapes-toulouse.fr/ | I12: Th-Sa 12:00-13:30; Tu-Sa 19:45-21:30 | J12: À contacter | P12: Voir la carte | Q12: Ouvrir
A13: 12 | B13: Agora | F13: Toulouse | G13: 07 56 83 59 00 | J13: À contacter | P13: Voir la carte | Q13: Ouvrir
A14: 13 | B14: Aiko | C14: Japonaise | F14: Toulouse | G14: 09 83 50 22 75 | H14: https://www.aikobistrot.com/ | I14: Tu-Th 12:00-14:00,19:30-22:00; Fr-Sa 12:00-14:30,19:30-22:30; Su,Mo off | J14: À contacter | P14: Voir la carte | Q14: Ouvrir
A15: 14 | B15: Aishi Ramen | C15: Japonaise, Ramen | D15: 16 Rue Léon Gambetta | F15: Toulouse | I15: Tu-Su 11:30-14:30,18:30-22:00 | J15: À contacter | P15: Voir la carte | Q15: Ouvrir
A16: 15 | B16: Alice Pizza | C16: Pizza | F16: Toulouse | G16: 05 34 57 84 65 | H16: https://www.alice-pizza.net/ | I16: PH; Mo-Sa 11:00-14:00,18:00-22:00; Su 18:00-22:00 | J16: À contacter | P16: Voir la carte | Q16: Ouvrir
A17: 16 | B17: Amore Mia | C17: Italienne, Française | F17: Toulouse | G17: 09 60 06 35 12 | H17: https://amore-mia.fr/ | I17: Tu 12:00-14:00; We-Sa 12:00-14:00,19:00-22:00; Su 11:00-14:30 | J17: À contacter | P17: Voir la carte | Q17: Ouvrir
A18: 17 | B18: An Nam | C18: Vietnamienne | F18: Toulouse | J18: À contacter | P18: Voir la carte | Q18: Ouvrir
A19: 18 | B19: Andiamo | C19: Italienne | D19: 2 Avenue Paul Séjourné | E19: 31000 | F19: Toulouse | G19: 06 61 04 83 99 | H19: https://andiamo-toulouse.eatbu.com | I19: Tu-Fr 12:00-14:00, Tu-Sa 19:00-22:00 | J19: À contacter | P19: Voir la carte | Q19: Ouvrir
A20: 19 | B20: Andochine | C20: Vietnamienne | D20: 28 Rue des Polinaires | E20: 31000 | F20: Toulouse | G20: 05 36 89 89 34 | H20: https://an-dochine.fr/ | I20: Mo-Sa 12:00-14:30,18:00-22:30; Su 12:00-14:30 | J20: À contacter | P20: Voir la carte | Q20: Ouvrir
A21: 20 | B21: Antho et Rita | D21: 63 Allées Charles de Fitte | F21: Toulouse | G21: 06 74 32 68 00 | I21: Mo, Tu 11:00-17:00; We-Fr 11:00-21:30 | J21: À contacter | P21: Voir la carte | Q21: Ouvrir
A22: 21 | B22: Antica Salumeria | C22: Italienne | F22: Toulouse | I22: "10h à l'aperitivo" | J22: À contacter | P22: Voir la carte | Q22: Ouvrir
A23: 22 | B23: Aozai | C23: Thaïlandaise | F23: Toulouse | J23: À contacter | P23: Voir la carte | Q23: Ouvrir
A24: 23 | B24: Armenian Bakery | C24: Arménienne | D24: 74 Allées Jean Jaurès | F24: Toulouse | I24: Mo-Fr 10:00-21:00; Sa 10:30-21:00; Su 12:00-21:00 | J24: À contacter | P24: Voir la carte | Q24: Ouvrir
A25: 24 | B25: Artigiano | F25: Toulouse | J25: À contacter | P25: Voir la carte | Q25: Ouvrir
A26: 25 | B26: Asia Village | C26: Asiatique | F26: Toulouse | G26: 05 61 57 94 45 | I26: Tu-Su 12:00-22:00 | J26: À contacter | P26: Voir la carte | Q26: Ouvrir
A27: 26 | B27: Assoiffés | C27: Française | F27: Toulouse | I27: Tu-Sa 10:00-24:00 | J27: À contacter | P27: Voir la carte | Q27: Ouvrir
A28: 27 | B28: Au Bon Graillou | F28: Toulouse | G28: 05 61 21 80 19 | H28: https://fr-fr.facebook.com/Au-Bon-Graillou-157630230940966/ | J28: À contacter | P28: Voir la carte | Q28: Ouvrir
A29: 28 | B29: Au Buron | C29: Régionale / terroir | F29: Toulouse | G29: 05 61 22 14 65 | H29: https://www.auburon.fr | I29: Mo-Fr 12:00-14:00,19:30-21:30; Sa 19:30-21:30 | J29: À contacter | P29: Voir la carte | Q29: Ouvrir
A30: 29 | B30: Au Comptoir | C30: Asiatique | F30: Toulouse | J30: À contacter | P30: Voir la carte | Q30: Ouvrir
A31: 30 | B31: Au cœur de Tunis | C31: Pizza | F31: Toulouse | J31: À contacter | P31: Voir la carte | Q31: Ouvrir
A32: 31 | B32: Au cœur de Tunis | D32: 32 Allées Charles de Fitte | F32: Toulouse | I32: Mo-Th 12:00-15:00, Fr 12:00-14:00, Sa,Su 12:00-22:00, Mo-Th 18:30-22:00, Fr 18:30-22:30 | J32: À contacter | P32: Voir la carte | Q32: Ouvrir
A33: 32 | B33: Au Gascon | C33: Française, Régionale / terroir | F33: Toulouse | G33: 05 61 21 67 16 | H33: https://www.restaurant-augascon-toulouse.fr/ | I33: Mo-Sa 11:30-14:00,19:00-22:00 | J33: À contacter | P33: Voir la carte | Q33: Ouvrir
A34: 33 | B34: Au Gourmet Vietnam | C34: Vietnamienne, Asiatique | F34: Toulouse | G34: 05 32 98 64 76 | H34: https://au-gourmet-vietnam.eatbu.com | I34: 11:30-14:00 open; Tu-Sa 18:30-21:00 "takeaway only" | J34: À contacter | P34: Voir la carte | Q34: Ouvrir
A35: 34 | B35: Au Jardin des Thés | F35: Toulouse | I35: Mo-Fr 11:30-15:30; Sa 11:30-16:00; Su 11:00-16:00 | J35: À contacter | P35: Voir la carte | Q35: Ouvrir
A36: 35 | B36: Au Pois Gourmand | D36: 3 Rue Émile Heybrard | E36: 31300 | F36: Toulouse | G36: 05 34 36 42 00 | H36: https://pois-gourmand.fr/ | I36: Mo-Sa 19:30-21:30, Mo-Fr 12:00-13:30 | J36: À contacter | P36: Voir la carte | Q36: Ouvrir
A37: 36 | B37: Au Vieux Pékin | C37: Chinoise | F37: Toulouse | G37: 09 83 52 51 50 | H37: http://www.auvieuxpekin.fr | J37: À contacter | P37: Voir la carte | Q37: Ouvrir
A38: 37 | B38: Autour de Pizz' | C38: Pizza | D38: 1 Rue de Carcassonne | E38: 31500 | F38: Toulouse | G38: 05 61 80 28 62 | H38: https://autour-de-pizz.metro.rest | J38: À contacter | P38: Voir la carte | Q38: Ouvrir
A39: 38 | B39: Aux 3 Elephants | C39: Chinoise | F39: Toulouse | J39: À contacter | P39: Voir la carte | Q39: Ouvrir
A40: 39 | B40: Aux Délices D'Ailleurs | C40: Asiatique | D40: 2 Rue Paul Rocache | E40: 31100 | F40: Toulouse | G40: 05 61 44 16 56 | J40: À contacter | P40: Voir la carte | Q40: Ouvrir
A41: 40 | B41: Aux Pieds Sous La Table | C41: Française | F41: Toulouse | G41: 05 67 11 01 72 | H41: https://auxpiedssouslatable.fr | I41: Mo-Fr 12:00-14:00,19:15-22:00; Sa 19:15-22:00 | J41: À contacter | P41: Voir la carte | Q41: Ouvrir
A42: 41 | B42: Avem Grill | C42: Poulet | F42: Toulouse | J42: À contacter | P42: Voir la carte | Q42: Ouvrir
A43: 42 | B43: açai | C43: Poké, Salades, Sandwicherie, Smoothies | D43: 20 Rue d'Aubuisson | E43: 31000 | F43: Toulouse | H43: https://www.acairestaurant.com/ | I43: Mo-Su 11:00-15:00; Th,Fr 11:00-22:00 | J43: À contacter | P43: Voir la carte | Q43: Ouvrir
A44: 43 | B44: B06 | D44: 16 Rue Paulin Talabot | F44: Toulouse | J44: À contacter | P44: Voir la carte | Q44: Ouvrir
A45: 44 | B45: Baan Siam | C45: Thaïlandaise | F45: Toulouse | H45: http://www.baan.fr/ | I45: Mo-Sa 11:30-14:00,19:30-23:00 | J45: À contacter | P45: Voir la carte | Q45: Ouvrir
A46: 45 | B46: Baba canteen | C46: Libanaise | F46: Toulouse | H46: https://babacanteen.com/ | I46: We-Fr 08:30-16:30; Sa,Su 10:00-16:00 | J46: À contacter | P46: Voir la carte | Q46: Ouvrir
A47: 46 | B47: Banh mi | C47: Asiatique, Vietnamienne | F47: Toulouse | G47: 09 86 42 26 69 | H47: https://www.banhmiviet-tls.fr/ | I47: Mo-Sa 11:30-14:00,19:00-21:00 | J47: À contacter | P47: Voir la carte | Q47: Ouvrir
A48: 47 | B48: Bao House | C48: Asiatique | F48: Toulouse | H48: https://www.bao-house.fr/ | I48: Mo-Su,PH 10:30-23:00 | J48: À contacter | P48: Voir la carte | Q48: Ouvrir
A49: 48 | B49: Bar à la Une | D49: 1 Chemin Cassaing | E49: 31500 | F49: Toulouse | G49: 05 34 25 78 94 | H49: https://alaunefamily.com/bar-a-la-une/ | I49: Tu-Fr 12:00-14:00 | J49: À contacter | P49: Voir la carte | Q49: Ouvrir
A50: 49 | B50: Barbaque | F50: Toulouse | J50: À contacter | P50: Voir la carte | Q50: Ouvrir
A51: 50 | B51: Barbaque | F51: Toulouse | H51: https://www.facebook.com/Barbaque-107036844371386/ | J51: À contacter | P51: Voir la carte | Q51: Ouvrir
A52: 51 | B52: Barricot | C52: Produits locaux | F52: Toulouse | G52: 05 61 11 09 38 | H52: https://www.barricot.fr/ | I52: Mo-Fr 12:00-14:00,19:00-22:00; Su 11:30-14:00 | J52: À contacter | P52: Voir la carte | Q52: Ouvrir
A53: 52 | B53: Basso Com'pôtes | D53: 17 Paulin Talabot | F53: Toulouse | G53: 06 35 22 19 64 | H53: https://bassocompotes.fr/ | I53: Mo-Fr 11:30-14:30 | J53: À contacter | P53: Voir la carte | Q53: Ouvrir
A54: 53 | B54: Becco | C54: Pizza, Italienne | F54: Toulouse | J54: À contacter | P54: Voir la carte | Q54: Ouvrir
A55: 54 | B55: Beldi Fusion | C55: Marocaine | D55: 43 Avenue de Muret | F55: Toulouse | G55: 06 75 30 96 49 | H55: https://beldifusion.fr/ | I55: Mo-Su 09:00-23:30 | J55: À contacter | P55: Voir la carte | Q55: Ouvrir
A56: 55 | B56: Bellini | C56: Italienne, Pizza | F56: Toulouse | G56: 05 61 21 34 08 | H56: https://www.pizzeriabellini.fr/ | I56: Mo-Su 12:00-22:30 | J56: À contacter | P56: Voir la carte | Q56: Ouvrir
A57: 56 | B57: Bellocq | F57: Toulouse | G57: 05 61 21 24 87 | H57: https://www.bellocq.eu/ | I57: Fr-Su 11:00-14:00 | J57: À contacter | P57: Voir la carte | Q57: Ouvrir
A58: 57 | B58: Bep Chay | C58: Asiatique, Vietnamienne | F58: Toulouse | G58: 05 61 32 02 72 | H58: https://bep-chay.com | I58: Tu-Th, Sa 12:00-14:30, 19:00-22:30; Fr 12:00-14:30, 19:30-22:30 | J58: À contacter | P58: Voir la carte | Q58: Ouvrir
A59: 58 | B59: Best wok & poke | C59: Asiatique | F59: Toulouse | I59: Mo-Su 10:30-15:00,18:00-23:30 | J59: À contacter | P59: Voir la carte | Q59: Ouvrir
A60: 59 | B60: Biergarten Purpan | F60: Toulouse | H60: https://lebiergarten-purpan.fr/ | J60: À contacter | P60: Voir la carte | Q60: Ouvrir
A61: 60 | B61: Bimi Sushi & poke ball | C61: Sushi | F61: Toulouse | G61: 05 32 98 64 07 | H61: https://www.thefork.fr/restaurant/bimi-sushi-r818069 | I61: Mo-Sa 11:00-14:00, 18:00-22:00 | J61: À contacter | P61: Voir la carte | Q61: Ouvrir
A62: 61 | B62: Binaire | C62: Française | D62: 41 Avenue Jules Julien | E62: 31400 | F62: Toulouse | G62: 05 61 25 25 89 | H62: http://www.restaurant-binaire.fr/ | I62: Mo-Fr 07:30-15:00 | J62: À contacter | P62: Voir la carte | Q62: Ouvrir
A63: 62 | B63: Bistro des Carmes | C63: Française | F63: Toulouse | G63: 05 62 17 70 14 | J63: À contacter | P63: Voir la carte | Q63: Ouvrir
A64: 63 | B64: Bistro Garonne | F64: Toulouse | H64: https://www.theatregaronne.com/information/bistro-garonne | I64: May-Sep Mo-Fr 16:00-00:00 | J64: À contacter | P64: Voir la carte | Q64: Ouvrir
A65: 64 | B65: Bistro Régent | C65: Grill / viandes, Française | F65: Toulouse | H65: https://www.bistro-regent.fr | I65: Su-We 11:45-14:30,18:45-22:45; Th 11:45-14:30,18:45-23:00; Fr,Sa 11:45-14:30,18:45-23:15 | J65: À contacter | P65: Voir la carte | Q65: Ouvrir
A66: 65 | B66: Bistro Régent | C66: Grill / viandes, Française | D66: 2 Place Marcel Bouilloux-Lafont | E66: 31400 | F66: Toulouse | G66: 05 62 75 60 12 | H66: https://www.bistro-regent.fr/montaudran/ | I66: Su-We 11:15-14:30,18:45-22:45; Th 11:45-14:30,18:45-23:00; Fr,Sa 11:45-14:30,18:45-23:15 | J66: À contacter | P66: Voir la carte | Q66: Ouvrir
A67: 66 | B67: Bistro Régent | C67: Grill / viandes, Française | F67: Toulouse | J67: À contacter | P67: Voir la carte | Q67: Ouvrir
A68: 67 | B68: Bistrot August | F68: Toulouse | J68: À contacter | P68: Voir la carte | Q68: Ouvrir
A69: 68 | B69: Bistrot de l'Etoile | F69: Toulouse | G69: 05 61 63 13 43 | H69: https://www.bistrotdeletoile.fr/ | I69: Sa 19:30-22:30; Mo-Fr 12:00-13:45,19:30-22:00; Su off | J69: À contacter | P69: Voir la carte | Q69: Ouvrir
A70: 69 | B70: Bistrot Galien | D70: 6 Place Dominique Martin Dupuy | E70: 31000 | F70: Toulouse | G70: 05 61 80 22 23 | I70: Mo-We 08:00-24:00, Th-Sa 08:00-01:00, Su 09:00-17:00 | J70: À contacter | P70: Voir la carte | Q70: Ouvrir
A71: 70 | B71: Blanquette | C71: Française | F71: Toulouse | I71: Mo-Su 08:00-02:00 | J71: À contacter | P71: Voir la carte | Q71: Ouvrir
A72: 71 | B72: Blok Resto | C72: Pâtes, Pizza, Poisson, Tapas, Salades, Barbecue | D72: 2 Rue René Cornemont | F72: Toulouse | G72: 05 34 65 60 91 | H72: https://leblok31.com/restaurant/ | I72: Mo-Fr 11:00-14:00 | J72: À contacter | P72: Voir la carte | Q72: Ouvrir
A73: 72 | B73: Bocados | C73: Tapas, Espagnole | F73: Toulouse | I73: Mo-Su 19:00-23:00 | J73: À contacter | P73: Voir la carte | Q73: Ouvrir
A74: 73 | B74: Boli Cafe | C74: Coréenne | F74: Toulouse | G74: 09 50 30 81 41 | I74: Mo-Sa 12:00-14:00; Mo-Fr 19:00-21:30; Sa 19:00-22:00 | J74: À contacter | P74: Voir la carte | Q74: Ouvrir
A75: 74 | B75: Bonbonne | F75: Toulouse | G75: 05 62 85 22 62 | I75: Mo 10:00-16:00; Tu-Sa 10:00-19:00 | J75: À contacter | P75: Voir la carte | Q75: Ouvrir
A76: 75 | B76: Bongkok Bol | C76: Thaïlandaise | D76: 221 Avenue de Fronton | E76: 32100 | F76: Toulouse | G76: 09 50 55 34 32 | H76: http://bangkok-bol.fr/ | I76: Tu-Sa 11:45-14:00, 18:00-23:00; Su 18:00-23:00 | J76: À contacter | P76: Voir la carte | Q76: Ouvrir
A77: 76 | B77: Borriquito Loco | C77: Régionale / terroir | D77: Rue des Paradoux | E77: 31000 | F77: Toulouse | G77: 05 61 25 34 54 | H77: http://www.restaurant-borriquito.com/ | I77: Tu-Fr 19:00-02:00,Sa 19:30-03:00 | J77: À contacter | P77: Voir la carte | Q77: Ouvrir
A78: 77 | B78: Bossa Nova | C78: Brésilienne | D78: 1 bis Rue du May | E78: 31000 | F78: Toulouse | G78: 05 67 68 64 79 | I78: Tu-Sa 12:00-14:00, 19:00-22:00; Su,Mo off | J78: À contacter | P78: Voir la carte | Q78: Ouvrir
A79: 78 | B79: Boulangerie Patisserie | F79: Toulouse | J79: À contacter | P79: Voir la carte | Q79: Ouvrir
A80: 79 | B80: Boulevard 36 | F80: Toulouse | I80: Mo-Su 08:00-22:30 | J80: À contacter | P80: Voir la carte | Q80: Ouvrir
A81: 80 | B81: Bowling de Gramont | F81: Toulouse | G81: 05 61 26 18 67 | I81: Mo-Th 10:00-02:00; Fr-Sa 10:00-03:00; Su 10:00-02:00 | J81: À contacter | P81: Voir la carte | Q81: Ouvrir
A82: 81 | B82: Brasserie des Beaux-Arts | C82: Française | F82: Toulouse | G82: 05 61 21 12 12 | H82: https://brasserielesbeauxarts.fr/ | I82: Mo-Su 12:00-14:30, 19:00-22:30 | J82: À contacter | P82: Voir la carte | Q82: Ouvrir
A83: 82 | B83: Brasserie du Fauboug Saint-Simon | F83: Toulouse | I83: Mo-Sa 12:00-14:00 | J83: À contacter | P83: Voir la carte | Q83: Ouvrir
A84: 83 | B84: Brasserie Le Capoul | D84: 13 Place du Président Wilson | E84: 31000 | F84: Toulouse | G84: 05 61 21 08 27 | H84: http://www.capoul.com/brasserie/ | I84: Mo-Su 08:00-23:00 | J84: À contacter | P84: Voir la carte | Q84: Ouvrir
A85: 84 | B85: Brasserie Les Frangins | D85: 7 Chemin des Silos | E85: 31100 | F85: Toulouse | G85: 05 67 16 66 47 | H85: http://www.brasserielesfrangins.fr/ | I85: Mo-Su 11:45-14:30 | J85: À contacter | P85: Voir la carte | Q85: Ouvrir
A86: 85 | B86: Brasserie Toulousaine | C86: Brasserie | F86: Toulouse | J86: À contacter | P86: Voir la carte | Q86: Ouvrir
A87: 86 | B87: Buffet Himalaya | F87: Toulouse | I87: Mo 11:30-15:00; Tu-Th 11:30-15:00,18:30-21:30; Fr,Sa 11:30-15:00,18:00-22:00 | J87: À contacter | P87: Voir la carte | Q87: Ouvrir
A88: 87 | B88: Burger'n'Co St Aubin | C88: Burger | F88: Toulouse | G88: 07 56 79 72 16 | H88: https://www.burgernco.fr | I88: Mo-Su 11:45-14:30,19:00-22:30 | J88: À contacter | P88: Voir la carte | Q88: Ouvrir
A89: 88 | B89: Byblos | C89: Libanaise | D89: 6 Place du Président Wilson | F89: Toulouse | G89: 05 31 22 06 07 | I89: Mo-Su 11:30-15:00, 18:30-22:00 | J89: À contacter | P89: Voir la carte | Q89: Ouvrir
A90: 89 | B90: Bàcaro | F90: Toulouse | G90: 06 84 58 30 80 | H90: http://bacaro-toulouse.fr/ | J90: À contacter | P90: Voir la carte | Q90: Ouvrir
A91: 90 | B91: Bâtiment 49 - Restaurant | F91: Toulouse | J91: À contacter | P91: Voir la carte | Q91: Ouvrir
A92: 91 | B92: Bâtiment T | F92: Toulouse | I92: Mo-Fr 11:30-14:00 | J92: À contacter | P92: Voir la carte | Q92: Ouvrir
A93: 92 | B93: Bûn Viêt | C93: Vietnamienne | D93: 10 Place Occitane | F93: Toulouse | G93: 05 62 30 98 55 | I93: Mo 11:00-14:30; Tu-Sa 11:00-14:30,18:00-21:30 | J93: À contacter | P93: Voir la carte | Q93: Ouvrir
A94: 93 | B94: Cafet’ Arum | C94: Sandwicherie, Salades | D94: 5 Allée Antonio Machado | E94: 31058 | F94: Toulouse | H94: https://www.crous-toulouse.fr/restaurant/cafet-arum/ | I94: 08:00-15:00 | J94: À contacter | P94: Voir la carte | Q94: Ouvrir
A95: 94 | B95: Café Baronie | F95: Toulouse | J95: À contacter | P95: Voir la carte | Q95: Ouvrir
A96: 95 | B96: Café Chouchou | F96: Toulouse | G96: 09 70 38 62 21 | H96: https://www.cafe-chouchou.fr/ | I96: Mo-Sa 12:00-24:00 | J96: À contacter | P96: Voir la carte | Q96: Ouvrir
A97: 96 | B97: Café de la Bourse | C97: Française, Libanaise | F97: Toulouse | I97: Tu-Sa 10:00-00:00 | J97: À contacter | P97: Voir la carte | Q97: Ouvrir
A98: 97 | B98: Café Francis | D98: 181 avenue des états unis | E98: 31000 | F98: Toulouse | G98: 05 61 47 02 09 | J98: À contacter | P98: Voir la carte | Q98: Ouvrir
A99: 98 | B99: Café Italien | C99: Italienne | F99: Toulouse | G99: 05 61 25 08 63 | J99: À contacter | P99: Voir la carte | Q99: Ouvrir
A100: 99 | B100: Café Manine | C100: Française | D100: 17 Place Roguet | E100: 31300 | F100: Toulouse | G100: 09 52 48 94 08 | I100: Mo-Fr, Su 08:30-01:30; Sa 08:30-02:30 | J100: À contacter | P100: Voir la carte | Q100: Ouvrir
...

Sheet Synthèse
A1: Synthèse de la prospection - Toulouse et périphérie (5 km)
A2: Les compteurs se mettent à jour automatiquement à partir de la feuille Prospection.
A4: Statut | B4: Nombre | C4: Part
A5: À contacter | B5: =COUNTIF(Prospection!$J$2:$J$1431,A5) -> 1430 | C5: =IF($B$12=0,0,B5/$B$12) -> 1
A6: Contacté | B6: =COUNTIF(Prospection!$J$2:$J$1431,A6) -> 0 | C6: =IF($B$12=0,0,B6/$B$12) -> 0
A7: RDV pris | B7: =COUNTIF(Prospection!$J$2:$J$1431,A7) -> 0 | C7: =IF($B$12=0,0,B7/$B$12) -> 0
A8: Devis envoyé | B8: =COUNTIF(Prospection!$J$2:$J$1431,A8) -> 0 | C8: =IF($B$12=0,0,B8/$B$12) -> 0
A9: Client | B9: =COUNTIF(Prospection!$J$2:$J$1431,A9) -> 0 | C9: =IF($B$12=0,0,B9/$B$12) -> 0
A10: Pas intéressé | B10: =COUNTIF(Prospection!$J$2:$J$1431,A10) -> 0 | C10: =IF($B$12=0,0,B10/$B$12) -> 0
A11: À relancer | B11: =COUNTIF(Prospection!$J$2:$J$1431,A11) -> 0 | C11: =IF($B$12=0,0,B11/$B$12) -> 0
A12: Total des fiches | B12: =SUM(B5:B11) -> 1430 | C12: =IF($B$12=0,0,B12/$B$12) -> 1
A14: Fiches traitées (statut différent de « À contacter ») | B14: =B12-B5 -> 0
A15: Taux de transformation (clients / fiches traitées) | B15: =IF(B14=0,0,B9/B14) -> 0
A16: Fiches en attente (RDV, devis, relance) | B16: =B7+B8+B11 -> 0
A18: Données disponibles | B18: Nombre | C18: Part
A19: Fiches avec téléphone | B19: =COUNTA(Prospection!$G$2:$G$1431) -> 782 | C19: =IF($B$12=0,0,B19/$B$12) -> 0.54685315
A20: Fiches avec adresse | B20: =COUNTA(Prospection!$D$2:$D$1431) -> 454 | C20: =IF($B$12=0,0,B20/$B$12) -> 0.31748252
A21: Fiches avec site web | B21: =COUNTA(Prospection!$H$2:$H$1431) -> 718 | C21: =IF($B$12=0,0,B21/$B$12) -> 0.5020979
A22: Fiches avec horaires | B22: =COUNTA(Prospection!$I$2:$I$1431) -> 842 | C22: =IF($B$12=0,0,B22/$B$12) -> 0.58881119
A23: Fiches avec type de cuisine | B23: =COUNTA(Prospection!$C$2:$C$1431) -> 955 | C23: =IF($B$12=0,0,B23/$B$12) -> 0.66783217
A26: Commune | B26: Fiches | C26: Part | D26: Traitées | E26: Clients
A27: Toulouse | B27: =COUNTIF(Prospection!$F$2:$F$1431,A27) -> 884 | C27: =IF($B$12=0,0,B27/$B$12) -> 0.61818182 | D27: =B27-COUNTIFS(Prospection!$F$2:$F$1431,A27,Prospection!$J$2:$J$1431,"À contacter") -> 0 | E27: =COUNTIFS(Prospection!$F$2:$F$1431,A27,Prospection!$J$2:$J$1431,"Client") -> 0
A28: Colomiers | B28: =COUNTIF(Prospection!$F$2:$F$1431,A28) -> 39 | C28: =IF($B$12=0,0,B28/$B$12) -> 0.027272727 | D28: =B28-COUNTIFS(Prospection!$F$2:$F$1431,A28,Prospection!$J$2:$J$1431,"À contacter") -> 0 | E28: =COUNTIFS(Prospection!$F$2:$F$1431,A28,Prospection!$J$2:$J$1431,"Client") -> 0
A29: Tournefeuille | B29: =COUNTIF(Prospection!$F$2:$F$1431,A29) -> 26 | C29: =IF($B$12=0,0,B29/$B$12) -> 0.018181818 | D29: =B29-COUNTIFS(Prospection!$F$2:$F$1431,A29,Prospection!$J$2:$J$1431,"À contacter") -> 0 | E29: =COUNTIFS(Prospection!$F$2:$F$1431,A29,Prospection!$J$2:$J$1431,"Client") -> 0
A30: Blagnac | B30: =COUNTIF(Prospection!$F$2:$F$1431,A30) -> 68 | C30: =IF($B$12=0,0,B30/$B$12) -> 0.047552448 | D30: =B30-COUNTIFS(Prospection!$F$2:$F$1431,A30,Prospection!$J$2:$J$1431,"À contacter") -> 0 | E30: =COUNTIFS(Prospection!$F$2:$F$1431,A30,Prospection!$J$2:$J$1431,"Client") -> 0
A31: Muret | B31: =COUNTIF(Prospection!$F$2:$F$1431,A31) -> 34 | C31: =IF($B$12=0,0,B31/$B$12) -> 0.023776224 | D31: =B31-COUNTIFS(Prospection!$F$2:$F$1431,A31,Prospection!$J$2:$J$1431,"À contacter") -> 0 | E31: =COUNTIFS(Prospection!$F$2:$F$1431,A31,Prospection!$J$2:$J$1431,"Client") -> 0
A32: Cugnaux | B32: =COUNTIF(Prospection!$F$2:$F$1431,A32) -> 30 | C32: =IF($B$12=0,0,B32/$B$12) -> 0.020979021 | D32: =B32-COUNTIFS(Prospection!$F$2:$F$1431,A32,Prospection!$J$2:$J$1431,"À contacter") -> 0 | E32: =COUNTIFS(Prospection!$F$2:$F$1431,A32,Prospection!$J$2:$J$1431,"Client") -> 0
A33: Plaisance-du-Touch | B33: =COUNTIF(Prospection!$F$2:$F$1431,A33) -> 20 | C33: =IF($B$12=0,0,B33/$B$12) -> 0.013986014 | D33: =B33-COUNTIFS(Prospection!$F$2:$F$1431,A33,Prospection!$J$2:$J$1431,"À contacter") -> 0 | E33: =COUNTIFS(Prospection!$F$2:$F$1431,A33,Prospection!$J$2:$J$1431,"Client") -> 0
A34: Balma | B34: =COUNTIF(Prospection!$F$2:$F$1431,A34) -> 22 | C34: =IF($B$12=0,0,B34/$B$12) -> 0.015384615 | D34: =B34-COUNTIFS(Prospection!$F$2:$F$1431,A34,Prospection!$J$2:$J$1431,"À contacter") -> 0 | E34: =COUNTIFS(Prospection!$F$2:$F$1431,A34,Prospection!$J$2:$J$1431,"Client") -> 0
A35: Ramonville-Saint-Agne | B35: =COUNTIF(Prospection!$F$2:$F$1431,A35) -> 19 | C35: =IF($B$12=0,0,B35/$B$12) -> 0.013286713 | D35: =B35-COUNTIFS(Prospection!$F$2:$F$1431,A35,Prospection!$J$2:$J$1431,"À contacter") -> 0 | E35: =COUNTIFS(Prospection!$F$2:$F$1431,A35,Prospection!$J$2:$J$1431,"Client") -> 0
A36: Castanet-Tolosan | B36: =COUNTIF(Prospection!$F$2:$F$1431,A36) -> 16 | C36: =IF($B$12=0,0,B36/$B$12) -> 0.011188811 | D36: =B36-COUNTIFS(Prospection!$F$2:$F$1431,A36,Prospection!$J$2:$J$1431,"À contacter") -> 0 | E36: =COUNTIFS(Prospection!$F$2:$F$1431,A36,Prospection!$J$2:$J$1431,"Client") -> 0
A37: Saint-Orens-de-Gameville | B37: =COUNTIF(Prospection!$F$2:$F$1431,A37) -> 12 | C37: =IF($B$12=0,0,B37/$B$12) -> 0.0083916084 | D37: =B37-COUNTIFS(Prospection!$F$2:$F$1431,A37,Prospection!$J$2:$J$1431,"À contacter") -> 0 | E37: =COUNTIFS(Prospection!$F$2:$F$1431,A37,Prospection!$J$2:$J$1431,"Client") -> 0
A38: Fonsorbes | B38: =COUNTIF(Prospection!$F$2:$F$1431,A38) -> 3 | C38: =IF($B$12=0,0,B38/$B$12) -> 0.0020979021 | D38: =B38-COUNTIFS(Prospection!$F$2:$F$1431,A38,Prospection!$J$2:$J$1431,"À contacter") -> 0 | E38: =COUNTIFS(Prospection!$F$2:$F$1431,A38,Prospection!$J$2:$J$1431,"Client") -> 0
... A85: Mondouzil | B85: =COUNTIF(Prospection!$F$2:$F$1431,A85) -> 1 | C85: =IF($B$12=0,0,B85/$B$12) -> 0.0006993007 | D85: =B85-COUNTIFS(Prospection!$F$2:$F$1431,A85,Prospection!$J$2:$J$1431,"À contacter") -> 0 | E85: =COUNTIFS(Prospection!$F$2:$F$1431,A85,Prospection!$J$2:$J$1431,"Client") -> 0
A86: Total | B86: =SUM(B27:B85) -> 1430 | D86: =SUM(D27:D85) -> 0 | E86: =SUM(E27:E85) -> 0
A89: Type de cuisine (20 plus fréquents) | B89: Fiches | C89: Part
A90: Française | B90: =COUNTIF(Prospection!$C$2:$C$1431,"*"&A90&"*") -> 199 | C90: =IF($B$12=0,0,B90/$B$12) -> 0.13916084
A91: Pizza | B91: =COUNTIF(Prospection!$C$2:$C$1431,"*"&A91&"*") -> 162 | C91: =IF($B$12=0,0,B91/$B$12) -> 0.11328671
A92: Asiatique | B92: =COUNTIF(Prospection!$C$2:$C$1431,"*"&A92&"*") -> 79 | C92: =IF($B$12=0,0,B92/$B$12) -> 0.055244755
A93: Italienne | B93: =COUNTIF(Prospection!$C$2:$C$1431,"*"&A93&"*") -> 78 | C93: =IF($B$12=0,0,B93/$B$12) -> 0.054545455
A94: Japonaise | B94: =COUNTIF(Prospection!$C$2:$C$1431,"*"&A94&"*") -> 77 | C94: =IF($B$12=0,0,B94/$B$12) -> 0.053846154
A95: Régionale / terroir | B95: =COUNTIF(Prospection!$C$2:$C$1431,"*"&A95&"*") -> 60 | C95: =IF($B$12=0,0,B95/$B$12) -> 0.041958042
A96: Chinoise | B96: =COUNTIF(Prospection!$C$2:$C$1431,"*"&A96&"*") -> 41 | C96: =IF($B$12=0,0,B96/$B$12) -> 0.028671329
A97: Vietnamienne | B97: =COUNTIF(Prospection!$C$2:$C$1431,"*"&A97&"*") -> 40 | C97: =IF($B$12=0,0,B97/$B$12) -> 0.027972028
A98: Sushi | B98: =COUNTIF(Prospection!$C$2:$C$1431,"*"&A98&"*") -> 32 | C98: =IF($B$12=0,0,B98/$B$12) -> 0.022377622
A99: Grill / viandes | B99: =COUNTIF(Prospection!$C$2:$C$1431,"*"&A99&"*") -> 31 | C99: =IF($B$12=0,0,B99/$B$12) -> 0.021678322
A100: Burger | B100: =COUNTIF(Prospection!$C$2:$C$1431,"*"&A100&"*") -> 31 | C100: =IF($B$12=0,0,B100/$B$12) -> 0.021678322
A101: Indienne | B101: =COUNTIF(Prospection!$C$2:$C$1431,"*"&A101&"*") -> 30 | C101: =IF($B$12=0,0,B101/$B$12) -> 0.020979021
... A109: Fruits de mer | B109: =COUNTIF(Prospection!$C$2:$C$1431,"*"&A109&"*") -> 14 | C109: =IF($B$12=0,0,B109/$B$12) -> 0.0097902098
A111: Une fiche avec plusieurs types de cuisine est comptée dans chacun d'eux.

Sheet Aide
A1: Mode d'emploi du fichier de prospection
A3: Objet | B3: Suivi de la prospection commerciale des restaurants : Toulouse et périphérie (5 km). Une ligne par établissement, avec les colonnes de suivi à compléter au fil des contacts.
A4: Source des données | B4: Liste extraite d'OpenStreetMap (API Overpass) le 30/09/2026 avec le script lister_restaurants.py. 1435 établissements listés, 5 doublons retirés (même commune, même nom et même téléphone ou adresse), 1430 fiches conservées, 59 communes.
A5: Fiabilité | B5: Les données OpenStreetMap sont contributives : certains établissements n'ont pas de téléphone ou d'adresse, d'autres ont pu fermer. Vérifiez la fiche (liens « Voir la carte » et « Ouvrir ») avant tout démarchage.
A6: Colonnes A à I | B6: Données de l'établissement : numéro, nom, type de cuisine (traduit des catégories OpenStreetMap), adresse, code postal, commune, téléphone au format français, site web (cliquable), horaires (notation OpenStreetMap : Mo-Fr 12:00-14:00 = du lundi au vendredi de 12 h à 14 h). Vous pouvez les corriger si besoin.
A7: Colonnes J à O (fond jaune) | B7: Colonnes de suivi à remplir : Statut (liste déroulante), Date 1er contact, Interlocuteur, Prochaine action, Date de relance, Commentaires. Les dates se saisissent au format JJ/MM/AAAA.
A8: Colonnes P et Q | B8: Liens automatiques : position exacte sur Google Maps, et fiche OpenStreetMap de l'établissement.
A9: Statuts | B9: À contacter · Contacté · RDV pris · Devis envoyé · Client · Pas intéressé · À relancer. Le statut colore la cellule ; la feuille Synthèse compte les fiches par statut, par commune (avec fiches traitées et clients) et par type de cuisine.
A10: Filtres | B10: Les en-têtes de la feuille Prospection ont des filtres : filtrez par commune ou par type de cuisine, triez par date de relance pour préparer vos appels.
A11: Mettre à jour | B11: Régénérer le CSV : python3 lister_restaurants.py --peripherie --format csv --sortie export.csv, puis ce classeur : python3 prospection_xlsx.py export.csv prospection.xlsx
A13: Exemple de ligne remplie
A14: Restaurant | B14: Chez Exemple (fictif)
A15: Type de cuisine | B15: Française
A16: Adresse | B16: 1 Rue de l'Exemple
A17: Code postal | B17: 31000
A18: Commune | B18: Toulouse
A19: Téléphone | B19: 05 61 00 00 00
A20: Site web | B20: https://exemple.fr
A21: Horaires | B21: Mo-Sa 12:00-14:00,19:00-22:00
A22: Statut | B22: RDV pris
A23: Date 1er contact | B23: 02/10/2026
A24: Interlocuteur | B24: Mme Martin, gérante
A25: Prochaine action | B25: Présenter l'offre en rendez-vous
... A27: Commentaires | B27: Intéressée par une démonstration, préfère être appelée le matin
A29: Ligne d'exemple fictive : elle n'est pas dans la feuille Prospection.
